{"cameraMode":{"drawMode":0,"name":"Shaded","section":"Shading Mode"},"sceneLighting":false,"audioPlay":false,"sceneViewState":{"showFog":true,"showMaterialUpdate":true,"showSkybox":true,"showFlares":true,"showImageEffects":true,"showParticleSystems":true},"in2DMode":false,"pivot":{"x":-28.328598022460939,"y":10.13606071472168,"z":-13.401305198669434},"rotation":{"x":-0.0006101953913457692,"y":0.9963729381561279,"z":-0.0847933366894722,"w":-0.007177705876529217},"size":55.16025161743164,"orthographic":false}