{"cameraMode":{"drawMode":0,"name":"Shaded","section":"Shading Mode"},"sceneLighting":false,"audioPlay":false,"sceneViewState":{"showFog":true,"showMaterialUpdate":true,"showSkybox":true,"showFlares":true,"showImageEffects":true,"showParticleSystems":true},"in2DMode":false,"pivot":{"x":-14.888684272766114,"y":-7.185307502746582,"z":-61.58715057373047},"rotation":{"x":-0.043036557734012607,"y":0.9434933662414551,"z":-0.1356642246246338,"w":-0.2993142902851105},"size":72.80115509033203,"orthographic":false}