{"cameraMode":{"drawMode":0,"name":"Shaded","section":"Shading Mode"},"sceneLighting":false,"audioPlay":false,"sceneViewState":{"showFog":true,"showMaterialUpdate":true,"showSkybox":true,"showFlares":true,"showImageEffects":true,"showParticleSystems":true},"in2DMode":false,"pivot":{"x":13.712529182434082,"y":4.151998519897461,"z":-75.20752716064453},"rotation":{"x":-0.017486196011304857,"y":-0.23797327280044557,"z":0.004284082446247339,"w":-0.9711127877235413},"size":12.966670989990235,"orthographic":false}