{"cameraMode":{"drawMode":0,"name":"Shaded","section":"Shading Mode"},"sceneLighting":false,"audioPlay":false,"sceneViewState":{"showFog":true,"showMaterialUpdate":true,"showSkybox":true,"showFlares":true,"showImageEffects":true,"showParticleSystems":true},"in2DMode":false,"pivot":{"x":-24.294286727905275,"y":4.475592136383057,"z":-53.70613479614258},"rotation":{"x":-0.01810319907963276,"y":0.9030175805091858,"z":-0.03822816163301468,"w":-0.42754995822906496},"size":72.80115509033203,"orthographic":false}